local-authority-code,Industry Total,Commercial Total,Domestic Total,Public Sector Total,Transport Total,label,label_desc,official-name,local-authority-type-name
ABC,440.9035584698392,40.70814140549507,384.1315576223473,9.54804676547044,438.66228189504005,Rural - Industrial,"Above average transport, industry, domestic. Low density.","Armagh City, Banbridge and Craigavon Borough Council",NI district
ABD,310.28439467094495,97.45486837730674,482.3695739486931,21.36769201020849,626.4965297121465,Rural - Mainstream,Above average industry/transport/domestic. Low density.,Aberdeenshire Council,Scottish unitary authority
ABE,151.96268602712166,155.53834481182025,341.9486638120346,97.05089729349659,326.71009657911947,Urban - Commercial,"Above average commercial/public sector, below average domestic/transport. High density.",Aberdeen City Council,Scottish unitary authority
ADU,18.722146832448296,15.363503890829,80.96179101909567,4.298295949105334,93.6345357217317,Urban - Mainstream,Below average commercial/industry/transport/domestic. High density.,Adur District Council,Non-metropolitan district
AGB,108.17488823492968,44.94518251591509,161.37658590564172,15.525084682445465,182.79327463096598,Rural - Industrial,"Above average transport, industry, domestic. Low density.",Argyll and Bute Council,Scottish unitary authority
AGY,71.89400586986812,29.690089279577155,126.68730512200014,10.234823366805815,132.74103422040403,Rural - Mainstream,Above average industry/transport/domestic. Low density.,Isle of Anglesey County Council,Welsh unitary authority
ALL,214.5060709446505,42.658729699187326,177.6005962314726,13.287630257437986,169.6049066033712,Rural - Industrial,"Above average transport, industry, domestic. Low density.",Allerdale Borough Council,Non-metropolitan district
AMB,155.85158804706913,61.131276268842576,209.31758987428532,24.468413702853486,210.11561484557205,Rural - Mainstream,Above average industry/transport/domestic. Low density.,Amber Valley Borough Council,Non-metropolitan district
AND,76.39362994108645,44.24922569511445,313.1336594797592,15.000473299714606,187.0683752606757,Urban - Mainstream,Below average commercial/industry/transport/domestic. High density.,Ards and North Down Borough Council,NI district
ANN,243.8487394198045,44.602929149798456,268.1859803258992,15.53284952979796,224.6697168433688,Rural - Industrial,"Above average transport, industry, domestic. Low density.",Antrim and Newtownabbey Borough Council,NI district
ANS,113.27368919985972,53.946614835871536,195.7528794677882,17.2074163049246,231.6159434650625,Rural - Mainstream,Above average industry/transport/domestic. Low density.,Angus Council,Scottish unitary authority
ARU,54.144661317473386,53.566348534368714,227.88775932766083,14.817548663893845,197.42692415097906,Urban - Mainstream,Below average commercial/industry/transport/domestic. High density.,Arun District Council,Non-metropolitan district
ASF,87.49096646999669,55.675315981579594,182.94922063897843,12.968605469464967,175.28239181583314,Urban - Mainstream,Below average commercial/industry/transport/domestic. High density.,Ashford Borough Council,Non-metropolitan district
ASH,97.84711669716131,43.85828608782115,208.36932570809833,22.261318188606182,133.53313108157877,Urban - Mainstream,Below average commercial/industry/transport/domestic. High density.,Ashfield District Council,Non-metropolitan district
BAB,94.58619940303424,31.753124944497802,136.56706652859634,8.083215813334435,232.15215622226737,Rural - Mainstream,Above average industry/transport/domestic. Low density.,Babergh District Council,Non-metropolitan district
BAE,132.4383637574681,45.6145748916459,187.11863982584887,19.48640788475427,320.10310199112627,Rural - Mainstream,Above average industry/transport/domestic. Low density.,Bassetlaw District Council,Non-metropolitan district
BAI,91.8811407835738,86.54290470394236,238.20987988610017,26.461890362344647,282.9195769692257,Urban - Mainstream,Below average commercial/industry/transport/domestic. High density.,Basildon Borough Council,Non-metropolitan district
BAN,136.04944907223882,80.89889063657807,253.65079982408062,19.59250496823278,347.45717910143946,Rural - Mainstream,Above average industry/transport/domestic. Low density.,Basingstoke and Deane Borough Council,Non-metropolitan district
BAR,154.22812297203112,52.882758256021724,96.7409684991578,27.8676809396413,38.65250882273293,Urban - Commercial,"Above average commercial/public sector, below average domestic/transport. High density.",Barrow-in-Furness Borough Council,Non-metropolitan district
BAS,65.41199782446766,73.1189928813741,266.3215779405795,39.70209285867285,226.72988470061264,Urban - Mainstream,Below average commercial/industry/transport/domestic. High density.,Bath and North East Somerset Council,Unitary authority
BBD,120.9766687458837,48.86480063881065,209.296000491303,31.105797206559238,115.55703692020273,Urban - Mainstream,Below average commercial/industry/transport/domestic. High density.,Blackburn with Darwen Borough Council,Unitary authority
BDF,75.78942446233708,73.63863166648687,239.31671992926587,37.33930551189897,290.3209509482042,Urban - Mainstream,Below average commercial/industry/transport/domestic. High density.,Bedford Borough Council,Unitary authority
BDG,42.750274563866334,70.81812951724037,204.08078772444227,22.521523448424155,193.58405124575782,Urban - Mainstream,Below average commercial/industry/transport/domestic. High density.,London Borough of Barking and Dagenham,London borough
BEN,97.58590090166709,158.27150085646787,386.98122291486595,47.58182619439978,223.90554622174676,Urban - Mainstream,Below average commercial/industry/transport/domestic. High density.,London Borough of Brent,London borough
BEX,142.75041040935108,90.40360541494823,315.9593437392681,25.570779525121647,257.12727899183704,Urban - Mainstream,Below average commercial/industry/transport/domestic. High density.,London Borough of Bexley,London borough
BFS,184.5178607752933,180.83407961034808,626.059648228167,135.38276567104762,246.68255555770847,Urban - Commercial,"Above average commercial/public sector, below average domestic/transport. High density.",Belfast City Council,NI district
BGE,148.3400473916792,45.38863472945028,204.71594624476757,27.796068598737218,188.25575663214468,Urban - Mainstream,Below average commercial/industry/transport/domestic. High density.,Bridgend County Borough Council,Welsh unitary authority
BGW,69.93038174128299,24.01824836707277,108.04218977353719,13.290723751158996,79.65987814056916,Urban - Mainstream,Below average commercial/industry/transport/domestic. High density.,Blaenau Gwent County Borough Council,Welsh unitary authority
BIR,542.992711255667,434.1505693917857,1408.5960032690834,272.1622580217978,1195.9814497978284,Urban - Mainstream,Below average commercial/industry/transport/domestic. High density.,Birmingham City Council,Metropolitan district
BLA,54.630572029263355,33.40307968350311,146.76150202280348,9.11181576140628,122.85644111607505,Urban - Mainstream,Below average commercial/industry/transport/domestic. High density.,Blaby District Council,Non-metropolitan district
BNE,43.48822819632706,121.56159166715511,553.628512413365,52.693838539772514,381.1012523476094,Urban - Mainstream,Below average commercial/industry/transport/domestic. High density.,London Borough of Barnet,London borough
BNH,36.658359922080976,115.49620450398614,346.357866028475,46.59042744485086,287.3864661770014,Urban - Mainstream,Below average commercial/industry/transport/domestic. High density.,Brighton and Hove City Council,Unitary authority
BNS,288.0762680360854,77.55027026883641,403.6294105017777,30.683318045757556,338.9036928881284,Rural - Mainstream,Above average industry/transport/domestic. Low density.,Barnsley Metropolitan Borough Council,Metropolitan district
BOL,143.82741063152397,88.27519933540955,402.10664178187403,38.13448129646043,363.33936420070887,Urban - Mainstream,Below average commercial/industry/transport/domestic. High density.,Bolton Metropolitan Borough Council,Metropolitan district
BOS,64.31979778341682,33.544335741901136,157.37530006040748,13.100577784668248,102.70584950489632,Rural - Mainstream,Above average industry/transport/domestic. Low density.,Bolsover District Council,Non-metropolitan district
BOT,55.35390866390455,21.893817163034825,94.9447329667761,8.715943867349361,116.99452018691069,Urban - Mainstream,Below average commercial/industry/transport/domestic. High density.,Boston Borough Council,Non-metropolitan district
BPC,140.15360848080647,159.66576121369596,516.0450782461477,56.66448735680571,428.6280520637245,Urban - Mainstream,Below average commercial/industry/transport/domestic. High density.,"Bournemouth, Christchurch and Poole Council",Unitary authority
BPL,31.50806627271266,65.7861325875799,203.83363933232488,42.865394301026186,124.95423170790374,Urban - Commercial,"Above average commercial/public sector, below average domestic/transport. High density.",Blackpool Borough Council,Unitary authority
BRA,112.03468579615343,39.8227922965034,209.1435701784104,12.058959236665878,333.11015888439744,Rural - Mainstream,Above average industry/transport/domestic. Low density.,Braintree District Council,Non-metropolitan district
BRC,24.015445314560083,73.02476339341544,164.01473683799668,25.80224929780031,140.75597133950245,Urban - Commercial,"Above average commercial/public sector, below average domestic/transport. High density.",Bracknell Forest Council,Unitary authority
BRD,360.3427875683022,179.6131713484291,759.0853231062728,94.55088314283483,627.5019691154924,Urban - Mainstream,Below average commercial/industry/transport/domestic. High density.,City of Bradford Metropolitan District Council,Metropolitan district
BRE,122.60598263102564,42.088830157800956,193.96440224722497,11.732732679630947,364.49186403202174,Rural - Mainstream,Above average industry/transport/domestic. Low density.,Breckland District Council,Non-metropolitan district
BRM,33.42997795182879,34.21176794565783,155.53003083744218,9.261006013825615,177.75039384543965,Urban - Mainstream,Below average commercial/industry/transport/domestic. High density.,Bromsgrove District Council,Non-metropolitan district
BRO,105.05680598538378,37.25980839722844,193.54558563065555,12.918948105173031,261.05710496082287,Rural - Mainstream,Above average industry/transport/domestic. Low density.,Broadland District Council,Non-metropolitan district
BRT,110.772838481282,63.56874355208099,171.8931890474685,29.009519012071834,125.91829498662703,Urban - Commercial,"Above average commercial/public sector, below average domestic/transport. High density.",Broxtowe Borough Council,Non-metropolitan district
BRW,36.28450747165371,30.185778781128114,127.44735640332568,8.322137734075877,196.9316816115291,Rural - Mainstream,Above average industry/transport/domestic. Low density.,Brentwood Borough Council,Non-metropolitan district
BRX,64.16605447877265,40.218674262907264,129.98432323856068,7.719599111946248,127.1283798912862,Urban - Mainstream,Below average commercial/industry/transport/domestic. High density.,Broxbourne Borough Council,Non-metropolitan district
BRY,34.176252265568365,93.36678917360302,511.1784951178127,41.04891714959928,321.8325576394463,Urban - Mainstream,Below average commercial/industry/transport/domestic. High density.,London Borough of Bromley,London borough
BST,129.51910849336358,204.63481232515613,545.5496850252428,103.84559480335248,406.3992051994462,Urban - Commercial,"Above average commercial/public sector, below average domestic/transport. High density.",Bristol City Council,Unitary authority
BUC,233.54831256014518,205.97149233528629,846.1105441078951,74.98723567389155,726.7830454764185,Urban - Mainstream,Below average commercial/industry/transport/domestic. High density.,Buckinghamshire Council,Unitary authority
BUN,58.14061383426594,46.01006097907567,136.22036966957106,26.158530921908152,96.81492787821036,Urban - Commercial,"Above average commercial/public sector, below average domestic/transport. High density.",Burnley Borough Council,Non-metropolitan district
BUR,77.53902275398454,58.42323392874561,279.6029156676778,30.593542157276456,218.27825672396975,Urban - Mainstream,Below average commercial/industry/transport/domestic. High density.,Bury Metropolitan Borough Council,Metropolitan district
CAB,34.151548397724156,112.17124202414546,157.57706354550012,88.93959407796092,85.95977490401528,Urban - High Commercial,Very high commercial/public sector.,Cambridge City Council,Non-metropolitan district
CAN,57.46946551177321,38.9151230648881,151.440726368166,7.903075258446161,90.64213086820202,Urban - Mainstream,Below average commercial/industry/transport/domestic. High density.,Cannock Chase District Council,Non-metropolitan district
CAR,145.0358077513535,73.15610588081596,188.78402300992053,25.150628636939256,149.97622428342268,Rural - Mainstream,Above average industry/transport/domestic. Low density.,Carlisle City Council,Non-metropolitan district
CAS,13.557982131830176,16.423577797036874,132.29533906720872,5.818957555759255,96.72583561701488,Urban - Mainstream,Below average commercial/industry/transport/domestic. High density.,Castle Point Borough Council,Non-metropolitan district
CAT,48.101015409026296,56.59960991838563,209.36768327706272,31.80281418700492,225.7945277223279,Urban - Mainstream,Below average commercial/industry/transport/domestic. High density.,Canterbury City Council,Non-metropolitan district
CAY,138.30900553758377,39.710374086006205,267.25530641772644,17.46174114754603,241.48664690877877,Urban - Mainstream,Below average commercial/industry/transport/domestic. High density.,Caerphilly County Borough Council,Welsh unitary authority
CBF,265.18856740290994,116.41882065710715,398.6182758206128,30.076770441900372,435.96180215059854,Urban - Mainstream,Below average commercial/industry/transport/domestic. High density.,Central Bedfordshire Council,Unitary authority
CCG,187.6781053559714,29.100630593124258,264.415354616978,40.253746409967,353.34482886490565,Rural - Mainstream,Above average industry/transport/domestic. Low density.,Causeway Coast and Glens Borough Council,NI district
CGN,123.30947536165364,27.44098209103447,145.89637535212907,9.653089222093845,152.74613059338284,Rural - Industrial,"Above average transport, industry, domestic. Low density.",Ceredigion County Council,Welsh unitary authority
CHA,134.75550389947082,68.17859939934128,248.05670413404778,33.135976999543196,261.0920962480181,Urban - Mainstream,Below average commercial/industry/transport/domestic. High density.,Charnwood Borough Council,Non-metropolitan district
CHE,413.5391634618893,200.98811338382578,657.7945380397015,61.0546609696471,659.8627332261524,Rural - Mainstream,Above average industry/transport/domestic. Low density.,Cheshire East Council,Unitary authority
CHI,140.07667085832335,80.43843499524966,202.73096355259702,31.80725836942809,299.0494479199961,Rural - Mainstream,Above average industry/transport/domestic. Low density.,Chichester District Council,Non-metropolitan district
CHL,83.9660003291086,67.30445189969062,250.30066791103252,33.28722842773642,394.15197379208706,Rural - Mainstream,Above average industry/transport/domestic. Low density.,Chelmsford City Council,Non-metropolitan district
CHO,42.58242643544496,41.94239800307496,176.0329073093533,30.39256038042236,113.45558076572102,Urban - Mainstream,Below average commercial/industry/transport/domestic. High density.,Chorley Borough Council,Non-metropolitan district
CHR,207.27880335611792,88.39855942743877,225.3264417137853,24.93516454199114,327.2324859997688,Rural - Mainstream,Above average industry/transport/domestic. Low density.,Cherwell District Council,Non-metropolitan district
CHS,54.251819634827164,52.16158860439258,170.65620922376178,27.85055613701096,111.81872168232749,Urban - Commercial,"Above average commercial/public sector, below average domestic/transport. High density.",Chesterfield Borough Council,Non-metropolitan district
CHT,42.78206943714848,61.58491971098486,165.66639692333928,25.5413342153851,90.62648042012593,Urban - Commercial,"Above average commercial/public sector, below average domestic/transport. High density.",Cheltenham Borough Council,Non-metropolitan district
CHW,509.87871155188867,303.03688312934855,520.0340269017568,86.80325707709204,624.363069136136,Urban - Commercial,"Above average commercial/public sector, below average domestic/transport. High density.",Cheshire West and Chester Council,Unitary authority
CLD,178.41700045054878,64.19906741228895,329.89999653404516,25.96056622220002,253.06385947581836,Urban - Mainstream,Below average commercial/industry/transport/domestic. High density.,Calderdale Metropolitan Borough Council,Metropolitan district
CLK,66.39731224523662,71.01594594837627,79.97814582556316,68.27980766551286,61.72948565276484,Urban - High Commercial,Very high commercial/public sector.,Clackmannanshire Council,Scottish unitary authority
CMD,64.87731771288279,361.84736290940293,256.74444694271904,146.9065873339286,135.72221287801327,Urban - High Commercial,Very high commercial/public sector.,London Borough of Camden,London borough
CMN,228.98872782771684,66.7572444203628,342.0108169234144,25.70716495731059,398.3782757702904,Rural - Mainstream,Above average industry/transport/domestic. Low density.,Carmarthenshire County Council,Welsh unitary authority
COL,83.12142950276865,64.15352568908659,247.9981441318194,33.29924121410402,345.5569838448149,Urban - Mainstream,Below average commercial/industry/transport/domestic. High density.,Colchester Borough Council,Non-metropolitan district
CON,521.144089397881,285.3553675607084,776.7493742051101,67.62188867200436,1040.5022824443938,Rural - Mainstream,Above average industry/transport/domestic. Low density.,Cornwall Council,Unitary authority
COP,37.82849628333967,13.590020603729421,115.11740710057941,8.099202707719698,70.52764144486052,Urban - Mainstream,Below average commercial/industry/transport/domestic. High density.,Copeland Borough Council,Non-metropolitan district
COT,95.20800301628522,39.951494048465925,159.41929718275003,6.968980228776204,288.22269148754026,Rural - Mainstream,Above average industry/transport/domestic. Low density.,Cotswold District Council,Non-metropolitan district
COV,196.12209570980082,113.208500673596,423.7155562351567,85.66242157233012,401.1525103911767,Urban - Mainstream,Below average commercial/industry/transport/domestic. High density.,Coventry City Council,Metropolitan district
CRA,74.18850018284371,26.535978618800616,101.96309367537914,6.021627910612191,138.95759648920898,Rural - Mainstream,Above average industry/transport/domestic. Low density.,Craven District Council,Non-metropolitan district
CRF,181.46249340839225,200.45190879728295,439.1379784995094,99.0552834556543,539.9197189033788,Urban - Commercial,"Above average commercial/public sector, below average domestic/transport. High density.",City of Cardiff Council,Welsh unitary authority
CRW,96.33626149767896,86.8060324257977,133.1356685094968,17.660102317278884,167.47319805952537,Urban - Commercial,"Above average commercial/public sector, below average domestic/transport. High density.",Crawley Borough Council,Non-metropolitan district
CRY,42.387071586956516,135.13904890235716,523.5006904355711,60.861587334976264,309.3256242814204,Urban - Mainstream,Below average commercial/industry/transport/domestic. High density.,London Borough of Croydon,London borough
CWY,45.11623527433369,41.051777167181015,180.6497530812919,14.666969365983173,263.2031310512767,Rural - Mainstream,Above average industry/transport/domestic. Low density.,Conwy County Borough Council,Welsh unitary authority
DAC,38.449817903234,80.78392474565669,224.42835487021065,23.80301824453305,215.15662103670036,Urban - Mainstream,Below average commercial/industry/transport/domestic. High density.,Dacorum Borough Council,Non-metropolitan district
DAL,110.5239097255211,45.101279659156326,162.48763642520322,25.616295121868614,144.7678040173675,Rural - Mainstream,Above average industry/transport/domestic. Low density.,Darlington Borough Council,Unitary authority
DAR,42.588569760292174,44.06356656929516,141.23170629712772,15.5762396593086,223.48578564923602,Urban - Mainstream,Below average commercial/industry/transport/domestic. High density.,Dartford Borough Council,Non-metropolitan district
DEB,138.5161653800136,34.6515159671984,127.32470015580856,12.24005445047503,225.78911731499434,Rural - Industrial,"Above average transport, industry, domestic. Low density.",Derbyshire Dales District Council,Non-metropolitan district
DEN,82.40251026810242,31.085594354993994,153.8615915289472,18.027746590097383,189.14958482473494,Rural - Mainstream,Above average industry/transport/domestic. Low density.,Denbighshire County Council,Welsh unitary authority
DER,153.85567598688843,107.77780758954512,340.5440510183561,52.290246552824954,357.364562534742,Urban - Mainstream,Below average commercial/industry/transport/domestic. High density.,Derby City Council,Unitary authority
DGY,297.2770058875074,96.22387401233662,265.53880728574933,23.159410567470502,290.7723734734258,Rural - Industrial,"Above average transport, industry, domestic. Low density.",Dumfries and Galloway Council,Scottish unitary authority
DNC,284.44755288755033,142.07122099507953,498.13415017227607,59.95560017279792,482.32066581469564,Rural - Mainstream,Above average industry/transport/domestic. Low density.,Doncaster Metropolitan Borough Council,Metropolitan district
DND,57.78146817198599,72.48569479239879,205.4067518073638,67.65990271673965,176.01288470292863,Urban - Commercial,"Above average commercial/public sector, below average domestic/transport. High density.",Dundee City Council,Scottish unitary authority
DOV,56.46520528170487,54.00810930203498,156.9019376329057,21.820452571290584,156.62263602832473,Urban - Mainstream,Below average commercial/industry/transport/domestic. High density.,Dover District Council,Non-metropolitan district
DRS,299.1324060849377,32.16487527372679,258.6631852065068,31.004795047615854,245.33889976198944,Rural - Industrial,"Above average transport, industry, domestic. Low density.",Derry City and Strabane District Council,NI district
DST,294.82165315635615,114.6585457441628,556.6729127240982,37.39361679673638,752.9625154186319,Rural - Mainstream,Above average industry/transport/domestic. Low density.,Dorset Council,Unitary authority
DUD,156.37855865504056,82.60100579904926,449.8188915149114,41.3265852283803,353.77054613936707,Urban - Mainstream,Below average commercial/industry/transport/domestic. High density.,Dudley Metropolitan Borough Council,Metropolitan district
DUR,365.3382012199955,154.6206656756165,824.8310154440525,102.91880950914894,733.0149490169133,Urban - Mainstream,Below average commercial/industry/transport/domestic. High density.,Durham County Council,Unitary authority
EAL,117.39725624548666,176.2588238002337,426.09393234064765,52.484204405853234,312.9348950097244,Urban - Mainstream,Below average commercial/industry/transport/domestic. High density.,London Borough of Ealing,London borough
EAS,16.716582151262408,38.04597312310918,125.53822881927812,22.995988143252777,77.82605602452274,Urban - Mainstream,Below average commercial/industry/transport/domestic. High density.,Eastbourne Borough Council,Non-metropolitan district
EAT,53.84934711271153,51.07808696680423,170.9636405411013,14.96069236734304,116.17323699118809,Urban - Mainstream,Below average commercial/industry/transport/domestic. High density.,Eastleigh Borough Council,Non-metropolitan district
EAY,94.8871372156238,37.08052181932747,192.62338829503932,20.7211034873332,200.6900820678884,Rural - Mainstream,Above average industry/transport/domestic. Low density.,East Ayrshire Council,Scottish unitary authority
ECA,88.0823997192682,29.945425569418017,128.33165527899516,7.866881711507999,269.3194642700345,Rural - Mainstream,Above average industry/transport/domestic. Low density.,East Cambridgeshire District Council,Non-metropolitan district
EDE,80.10574835178195,45.215537850702106,206.37064166980883,10.712067617443662,246.24607752054317,Urban - Mainstream,Below average commercial/industry/transport/domestic. High density.,East Devon District Council,Non-metropolitan district
EDH,139.4579649063168,359.8844155142337,720.7564116581768,175.45345211251308,556.5232459072513,Urban - Commercial,"Above average commercial/public sector, below average domestic/transport. High density.",City of Edinburgh Council,Scottish unitary authority
EDN,182.55929941327958,39.00235929888424,114.40463545565534,9.123432270042644,198.12805230344566,Rural - Industrial,"Above average transport, industry, domestic. Low density.",Eden District Council,Non-metropolitan district
EDU,30.54613704745511,27.759160849630984,184.9732763272092,16.95902078124514,114.8020329416972,Urban - Mainstream,Below average commercial/industry/transport/domestic. High density.,East Dunbartonshire Council,Scottish unitary authority
EHA,74.95178772811622,29.819201616950757,198.70907291097504,9.574904840545798,313.2687632506763,Rural - Mainstream,Above average industry/transport/domestic. Low density.,East Hampshire District Council,Non-metropolitan district
EHE,87.48202972399083,56.775704250636025,219.3927367520676,14.925201845901816,276.4606216054798,Rural - Mainstream,Above average industry/transport/domestic. Low density.,East Hertfordshire District Council,Non-metropolitan district
ELI,115.30824516379153,66.19270277156532,224.90223099196191,15.116932557698929,273.2925063543588,Rural - Mainstream,Above average industry/transport/domestic. Low density.,East Lindsey District Council,Non-metropolitan district
ELM,27.8974415304098,72.36495975862472,248.14330589062118,16.74328219276839,222.39047348250722,Rural - Mainstream,Above average industry/transport/domestic. Low density.,Elmbridge Borough Council,Non-metropolitan district
ELN,58.841800305786066,52.90277692826183,166.8436520189818,27.22847588669583,203.0128996985285,Rural - Mainstream,Above average industry/transport/domestic. Low density.,East Lothian Council,Scottish unitary authority
ELS,35.37123090733127,6.659994605264579,63.830274223829235,2.91504063514975,45.63248643049809,Rural - Industrial,"Above average transport, industry, domestic. Low density.",Comhairle nan Eilean Siar,Scottish unitary authority
ENF,78.16567308029208,118.88330107139133,405.8894356865566,42.07705584535743,326.6492852947917,Urban - Mainstream,Below average commercial/industry/transport/domestic. High density.,London Borough of Enfield,London borough
EPP,36.157302237360945,97.03424980920789,210.83367168015386,15.309698488036029,176.98517165483682,Urban - Mainstream,Below average commercial/industry/transport/domestic. High density.,Epping Forest District Council,Non-metropolitan district
EPS,5.361163810787769,20.34219138038138,122.72802615184007,10.754150524810907,71.69106937850476,Urban - Mainstream,Below average commercial/industry/transport/domestic. High density.,Epsom and Ewell Borough Council,Non-metropolitan district
ERE,68.48982968713865,26.70669903734661,170.72366474683943,21.64486743216711,128.69785209546177,Urban - Mainstream,Below average commercial/industry/transport/domestic. High density.,Erewash Borough Council,Non-metropolitan district
ERW,13.470565846583568,20.89442311756451,159.33166475264372,9.881943889950163,114.90680727975304,Urban - Mainstream,Below average commercial/industry/transport/domestic. High density.,East Renfrewshire Council,Scottish unitary authority
ERY,405.9536392160399,196.01126423750108,551.1623771448644,62.77817229196079,636.9051936616114,Rural - Mainstream,Above average industry/transport/domestic. Low density.,East Riding of Yorkshire Council,Unitary authority
ESK,228.0563005280771,89.56549428396436,358.9748977597682,23.700516651074995,403.5443883405477,Rural - Mainstream,Above average industry/transport/domestic. Low density.,East Suffolk Council,Non-metropolitan district
EST,182.04889494093976,78.22210534145738,176.18804557233202,22.304030473378262,233.6932691060133,Rural - Mainstream,Above average industry/transport/domestic. Low density.,East Staffordshire Borough Council,Non-metropolitan district
EXE,41.89237127045598,78.06786990111192,138.81080525016608,48.360768278283395,78.00835470979547,Urban - Commercial,"Above average commercial/public sector, below average domestic/transport. High density.",Exeter City Council,Non-metropolitan district
FAL,158.1349881406866,60.665947802153156,246.833067722906,25.906140273692323,195.28115842333617,Urban - Mainstream,Below average commercial/industry/transport/domestic. High density.,Falkirk Council,Scottish unitary authority
FAR,44.16080303872596,41.1614107006598,153.69295404977603,19.825004156526532,109.2037332649479,Urban - Mainstream,Below average commercial/industry/transport/domestic. High density.,Fareham Borough Council,Non-metropolitan district
FEN,182.89414987419312,36.8808512730569,144.61893791160082,11.815603011309847,176.2722257443344,Rural - Mainstream,Above average industry/transport/domestic. Low density.,Fenland District Council,Non-metropolitan district
FIF,379.9294792871443,129.8718232248832,606.4096229167895,56.00954626547013,504.7470079256593,Rural - Mainstream,Above average industry/transport/domestic. Low density.,Fife Council,Scottish unitary authority
FLN,339.44033865633384,87.08213334248744,249.35761362761687,18.259033848858106,374.2824421972774,Rural - Industrial,"Above average transport, industry, domestic. Low density.",Flintshire County Council,Welsh unitary authority
FMO,302.06275034054704,29.023103942252586,205.95851022910105,9.043510241061723,366.87232363838905,Rural - Industrial,"Above average transport, industry, domestic. Low density.",Fermanagh and Omagh District Council,NI district
FOE,126.83050286115436,26.416418766796756,129.58712801678445,8.781821058568921,136.24854407813996,Rural - Mainstream,Above average industry/transport/domestic. Low density.,Forest of Dean District Council,Non-metropolitan district
FYL,82.33898552894468,31.25761745126429,130.96133494319398,11.86142544036241,121.2441304906555,Rural - Mainstream,Above average industry/transport/domestic. Low density.,Fylde Borough Council,Non-metropolitan district
GAT,158.1625380604818,84.94799303229377,291.4866487507602,48.52287842049228,415.8900702001358,Rural - Mainstream,Above average industry/transport/domestic. Low density.,Gateshead Metropolitan Borough Council,Metropolitan district
GED,81.67243518285741,29.766190883714355,184.78568434515697,11.754879863262236,99.93802033506522,Urban - Mainstream,Below average commercial/industry/transport/domestic. High density.,Gedling Borough Council,Non-metropolitan district
GLG,294.8429341250847,361.64535922449085,759.6912348975052,210.16521427214195,416.174768190058,Urban - Commercial,"Above average commercial/public sector, below average domestic/transport. High density.",Glasgow City Council,Scottish unitary authority
GLO,67.77931718456409,88.24756170202394,162.56072230510384,44.79601232488725,117.75322271230444,Urban - Commercial,"Above average commercial/public sector, below average domestic/transport. High density.",Gloucester City Council,Non-metropolitan district
GOS,22.25022154103434,21.482434220685274,94.35544592795749,9.420251407551481,56.42005514027893,Urban - Mainstream,Below average commercial/industry/transport/domestic. High density.,Gosport Borough Council,Non-metropolitan district
GRA,86.61171190864549,37.719563044354295,137.24327376787207,13.112554708536216,168.13079684490984,Urban - Mainstream,Below average commercial/industry/transport/domestic. High density.,Gravesham Borough Council,Non-metropolitan district
GRE,55.7824134733334,101.63433429740932,300.9599294537193,50.38943762623245,282.949373243473,Urban - Mainstream,Below average commercial/industry/transport/domestic. High density.,Royal Borough of Greenwich,London borough
GRT,36.71436246757202,74.98118841460983,220.58851415079928,33.40597620627516,362.6863089910986,Rural - Mainstream,Above average industry/transport/domestic. Low density.,Guildford Borough Council,Non-metropolitan district
GRY,32.2021420236356,34.07498670495101,131.2018176101305,13.29703253862966,139.1017343800648,Urban - Mainstream,Below average commercial/industry/transport/domestic. High density.,Great Yarmouth Borough Council,Non-metropolitan district
GWN,123.41434125761069,45.053633743575446,213.3274214595085,22.023131504805857,257.4500137412634,Rural - Mainstream,Above average industry/transport/domestic. Low density.,Gwynedd Council,Welsh unitary authority
HAA,39.567351477886994,29.13607914471824,164.32800898093046,9.718349372367072,130.7066239814634,Urban - Mainstream,Below average commercial/industry/transport/domestic. High density.,Havant Borough Council,Non-metropolitan district
HAE,140.20805357239644,44.80219616237976,159.87620370829293,17.155412293352803,292.25154613966635,Rural - Industrial,"Above average transport, industry, domestic. Low density.",Hambleton District Council,Non-metropolitan district
HAG,129.74288978885102,103.14552820049188,283.35956916718584,35.85903646527986,258.9343622094838,Rural - Mainstream,Above average industry/transport/domestic. Low density.,Harrogate Borough Council,Non-metropolitan district
HAL,140.18287351311565,70.36038940445982,167.9723276605986,21.680725604854274,207.70907350555777,Rural - Mainstream,Above average industry/transport/domestic. Low density.,Halton Borough Council,Unitary authority
HAO,62.774284491665135,39.54974203123045,147.42935252656326,9.756448689094274,165.94508339086877,Rural - Mainstream,Above average industry/transport/domestic. Low density.,Harborough District Council,Non-metropolitan district
HAR,56.219906786458445,53.92583571739167,107.4950935909667,14.994136225274941,83.36955637755109,Urban - Commercial,"Above average commercial/public sector, below average domestic/transport. High density.",Harlow District Council,Non-metropolitan district
HAS,19.634813814354644,24.43465308493398,116.84044155686779,10.291764025672226,68.97553934602216,Urban - Mainstream,Below average commercial/industry/transport/domestic. High density.,Hastings Borough Council,Non-metropolitan district
HAT,45.837957815254214,51.433265598841295,153.60054833026325,13.129615958494176,128.61703975290322,Urban - Mainstream,Below average commercial/industry/transport/domestic. High density.,Hart District Council,Non-metropolitan district
HAV,52.44657712170395,72.27728520608204,348.5626144315175,26.196856677791065,270.9774363691404,Urban - Mainstream,Below average commercial/industry/transport/domestic. High density.,London Borough of Havering,London borough
HCK,37.290310228614025,116.96878953712867,262.3696437858858,40.01441358585461,150.90849503385982,Urban - Mainstream,Below average commercial/industry/transport/domestic. High density.,London Borough of Hackney,London borough
HEF,285.030337948704,82.93894231682717,289.14335045629855,21.277701552076547,358.86637740525043,Rural - Mainstream,Above average industry/transport/domestic. Low density.,Herefordshire Council,Unitary authority
HER,45.84052229216989,65.27345512684991,164.719342813419,16.191249231475314,128.15223435101382,Urban - Mainstream,Below average commercial/industry/transport/domestic. High density.,Hertsmere Borough Council,Non-metropolitan district
HIG,297.7660241516093,64.79680533475475,148.9546138856866,19.668961486748934,153.96123349843188,Rural - Industrial,"Above average transport, industry, domestic. Low density.",High Peak Borough Council,Non-metropolitan district
HIL,108.59742212567213,195.94479605885178,374.1019286815951,50.56285567003527,540.4717739880056,Urban - Commercial,"Above average commercial/public sector, below average domestic/transport. High density.",London Borough of Hillingdon,London borough
HIN,106.16759072424756,33.53014505705141,167.83901742802195,6.576947882913655,170.49866459801555,Urban - Mainstream,Below average commercial/industry/transport/domestic. High density.,Hinckley and Bosworth Borough Council,Non-metropolitan district
HLD,340.4512414533132,133.66836661050388,452.04956651230094,52.098862859669815,570.0281546995632,Rural - Industrial,"Above average transport, industry, domestic. Low density.",The Highland Council,Scottish unitary authority
HMF,32.47142573785249,163.49864324088549,230.4861775148904,58.93630001725159,154.34975001071794,Urban - Commercial,"Above average commercial/public sector, below average domestic/transport. High density.",London Borough of Hammersmith & Fulham,London borough
HNS,62.67691029547097,200.07661845426318,311.62008462803675,42.747829466233455,291.07647987810026,Urban - Commercial,"Above average commercial/public sector, below average domestic/transport. High density.",London Borough of Hounslow,London borough
HOR,110.25690022038343,41.97126639696619,222.77111575689247,10.763793968197753,290.0828999719083,Rural - Mainstream,Above average industry/transport/domestic. Low density.,Horsham District Council,Non-metropolitan district
HPL,71.567250942555,41.706150618339265,131.09983483066145,23.063420925133215,139.0280630430547,Urban - Commercial,"Above average commercial/public sector, below average domestic/transport. High density.",Hartlepool Borough Council,Unitary authority
HRW,18.920007495307836,53.16104749457825,350.5832203425557,22.55487719927109,179.89955849291746,Urban - Mainstream,Below average commercial/industry/transport/domestic. High density.,London Borough of Harrow,London borough
HRY,41.108895773898105,97.31311219729436,318.86055963168616,26.272920255715018,173.4193734133798,Urban - Mainstream,Below average commercial/industry/transport/domestic. High density.,London Borough of Haringey,London borough
HUN,165.1486201794606,55.859148270292415,251.26986688272225,20.535000575468544,544.4801802186112,Rural - Mainstream,Above average industry/transport/domestic. Low density.,Huntingdonshire District Council,Non-metropolitan district
HYN,70.97957362666986,26.27416946582378,121.88353609342929,9.533547005645048,91.97498492363299,Urban - Mainstream,Below average commercial/industry/transport/domestic. High density.,Hyndburn Borough Council,Non-metropolitan district
IOS,0.8221918434187168,1.6219976351443561,2.823315857897282,0.19426456421577046,3.0495989530958507,Urban - Mainstream,Below average commercial/industry/transport/domestic. High density.,Council of the Isles of Scilly,Unitary authority
IOW,70.32067194222574,74.81981380366209,198.95233940817724,27.684364381776124,118.63884326598397,Urban - Commercial,"Above average commercial/public sector, below average domestic/transport. High density.",Isle of Wight Council,Unitary authority
IPS,40.28339300900096,49.631262881827766,163.9788443656569,19.62078697659613,105.27036311104479,Urban - Mainstream,Below average commercial/industry/transport/domestic. High density.,Ipswich Borough Council,Non-metropolitan district
ISL,37.72896404056483,211.7914323621848,240.08962178726787,43.29412247996303,117.38006390099258,Urban - Commercial,"Above average commercial/public sector, below average domestic/transport. High density.",London Borough of Islington,London borough
IVC,30.557062386715582,25.86232327249971,119.48761584882034,16.65317032951579,97.03865990154372,Urban - Mainstream,Below average commercial/industry/transport/domestic. High density.,Inverclyde Council,Scottish unitary authority
KEC,32.148074859976376,252.03699391846519,244.21214030255348,73.67757748430158,149.5474239506546,Urban - High Commercial,Very high commercial/public sector.,Royal Borough of Kensington and Chelsea,London borough
KHL,258.11806895243024,96.86814687446348,332.9930923795673,53.70567916678975,341.3182588214949,Urban - Mainstream,Below average commercial/industry/transport/domestic. High density.,Hull City Council,Unitary authority
KIN,469.07875161441757,78.12471320516984,235.9462613910994,25.232517015759186,369.4810588026327,Rural - Industrial,"Above average transport, industry, domestic. Low density.",Borough Council of Kings Lynn and West Norfolk,Non-metropolitan district
KIR,351.33244242064694,133.99977650424887,651.2904862079566,65.94865112283536,439.3962568233804,Urban - Mainstream,Below average commercial/industry/transport/domestic. High density.,Kirklees Council,Metropolitan district
KTT,25.150121319285535,68.2765835806096,228.13770823105938,32.81175605460603,229.4426916748664,Urban - Mainstream,Below average commercial/industry/transport/domestic. High density.,Royal Borough of Kingston upon Thames,London borough
KWL,146.29288946178073,54.192568798901185,195.3990978259961,25.81746829969229,247.56023823036637,Urban - Mainstream,Below average commercial/industry/transport/domestic. High density.,Knowsley Metropolitan Borough Council,Metropolitan district
LAC,104.58921523614191,50.20803070968725,203.61006883479595,36.23435427284072,202.8036721785762,Urban - Mainstream,Below average commercial/industry/transport/domestic. High density.,Lancaster City Council,Non-metropolitan district
LBC,180.88373788514645,52.280698819973246,252.0569315643777,42.51384210393703,217.07662182413634,Rural - Mainstream,Above average industry/transport/domestic. Low density.,Lisburn and Castlereagh City Council,NI district
LBH,43.194875086058495,149.4024723547811,361.5572531051978,87.09576664965566,235.09849181456678,Urban - Commercial,"Above average commercial/public sector, below average domestic/transport. High density.",London Borough of Lambeth,London borough
LCE,291.03108306857814,123.415358377527,415.44494303405247,85.35276811317593,302.578932115502,Urban - Mainstream,Below average commercial/industry/transport/domestic. High density.,Leicester City Council,Unitary authority
LDS,405.63730666869895,382.07528201525724,1100.9802150211153,181.78220743111262,1036.372488156196,Urban - Commercial,"Above average commercial/public sector, below average domestic/transport. High density.",Leeds City Council,Metropolitan district
LEE,42.766767544860734,22.321244397689114,145.72375841129187,11.368801561194418,167.07240170626218,Urban - Mainstream,Below average commercial/industry/transport/domestic. High density.,Lewes District Council,Non-metropolitan district
LEW,18.221979767950753,82.45642574175038,345.3798059842835,34.83247936613443,254.56518348687916,Urban - Mainstream,Below average commercial/industry/transport/domestic. High density.,London Borough of Lewisham,London borough
LIC,45.65786889877815,53.487083512106416,123.93665576151331,35.20258238745538,61.04528909342916,Urban - Commercial,"Above average commercial/public sector, below average domestic/transport. High density.",City of Lincoln Council,Non-metropolitan district
LIF,74.75425391373082,39.23690847476809,168.12319237000497,12.790223963181038,291.7600755770987,Rural - Mainstream,Above average industry/transport/domestic. Low density.,Lichfield District Council,Non-metropolitan district
LIV,188.75566439069974,230.15528490019824,604.4127788069876,166.45688767657296,594.4989690014283,Urban - Commercial,"Above average commercial/public sector, below average domestic/transport. High density.",Liverpool City Council,Metropolitan district
LND,57.356654449172794,492.6666471755474,11.596657168257943,24.91341015727401,53.58078479858193,,,City of London Corporation,City corporation
LUT,84.4273671461573,66.86770502230836,254.51064947568375,27.35644229034025,172.4347927557355,Urban - Mainstream,Below average commercial/industry/transport/domestic. High density.,Luton Borough Council,Unitary authority
MAI,100.23588174607232,61.16592173983371,234.7197613515741,24.221863412298287,204.69542719573062,Urban - Mainstream,Below average commercial/industry/transport/domestic. High density.,Maidstone Borough Council,Non-metropolitan district
MAL,59.09216170453624,18.599141557086146,95.67170523871616,3.541550035515936,90.54773948669747,Urban - Mainstream,Below average commercial/industry/transport/domestic. High density.,Maldon District Council,Non-metropolitan district
MAN,165.18690115545462,362.02794947024364,599.0738224776185,172.65281197608698,557.0419834586784,Urban - Commercial,"Above average commercial/public sector, below average domestic/transport. High density.",Manchester City Council,Metropolitan district
MAS,46.27780549784224,38.35299197489861,197.75988082028502,14.723957980776373,105.70892466688821,Urban - Mainstream,Below average commercial/industry/transport/domestic. High density.,Mansfield District Council,Non-metropolitan district
MAV,58.86472136881264,22.25077743573715,127.88134584683903,7.262248331727173,167.8462821552722,Rural - Mainstream,Above average industry/transport/domestic. Low density.,Malvern Hills District Council,Non-metropolitan district
MDB,46.823719068402696,41.93226330329122,188.72909493191867,37.25433327958349,283.4424181672868,Urban - Mainstream,Below average commercial/industry/transport/domestic. High density.,Middlesbrough Borough Council,Unitary authority
MDE,110.25354589876255,30.408432064806167,110.16632734476764,7.33406195770342,164.13249501760046,Rural - Mainstream,Above average industry/transport/domestic. Low density.,Mid Devon District Council,Non-metropolitan district
MDW,101.00080568674476,55.230291447010316,343.8811597284271,29.95161253087776,235.24671843372394,Urban - Mainstream,Below average commercial/industry/transport/domestic. High density.,Medway Council,Unitary authority
MEA,363.09846079363876,17.232980940610602,265.1441811191792,4.365153907911979,254.43882600233755,Rural - Industrial,"Above average transport, industry, domestic. Low density.",Mid and East Antrim Borough Council,NI district
MEL,75.88249397461531,21.67736364733714,79.3334306767037,5.8715083317776635,110.20727120846409,Rural - Mainstream,Above average industry/transport/domestic. Low density.,Melton Borough Council,Non-metropolitan district
MEN,146.4142928072536,48.566231782326874,165.18568683119227,15.593456882920488,232.88870688681573,Rural - Mainstream,Above average industry/transport/domestic. Low density.,Mendip District Council,Non-metropolitan district
MIK,142.5372023047921,179.90398909982463,349.2142650112479,47.29756938240846,384.5667333844529,Urban - Commercial,"Above average commercial/public sector, below average domestic/transport. High density.",Milton Keynes Council,Unitary authority
MLN,41.81037102948036,37.260748230613125,137.73187856763653,19.646950623255748,136.69780691394777,Urban - Mainstream,Below average commercial/industry/transport/domestic. High density.,Midlothian Council,Scottish unitary authority
MOL,57.753024077490046,40.86841661925188,157.06924931425735,11.302705674389232,146.45623205023514,Rural - Mainstream,Above average industry/transport/domestic. Low density.,Mole Valley District Council,Non-metropolitan district
MON,113.69402798016105,35.134871854906415,153.64963752709247,13.930634043798452,246.30432551180962,Rural - Mainstream,Above average industry/transport/domestic. Low density.,Monmouthshire County Council,Welsh unitary authority
MRT,44.039019353000256,98.544578616902,274.87272438829234,26.627843517090803,147.8333509812956,Urban - Mainstream,Below average commercial/industry/transport/domestic. High density.,London Borough of Merton,London borough
MRY,244.5331187864978,109.70227381468628,166.05745979062982,51.18160866801651,151.44256704092842,Urban - High Commercial,Very high commercial/public sector.,The Moray Council,Scottish unitary authority
MSS,70.03881286337356,46.25460345797244,224.70515157918666,18.1717623915017,286.4793076143046,Rural - Mainstream,Above average industry/transport/domestic. Low density.,Mid Sussex District Council,Non-metropolitan district
MSU,167.7147591877576,31.527300586226996,147.03230979773335,12.761476437587977,278.9315748070571,Rural - Mainstream,Above average industry/transport/domestic. Low density.,Mid Suffolk District Council,Non-metropolitan district
MTY,44.541198031761,23.34747493226863,92.7522372277439,13.790546822375502,82.63013240613586,Urban - Mainstream,Below average commercial/industry/transport/domestic. High density.,Merthyr Tydfil County Borough Council,Welsh unitary authority
MUL,529.0020471804673,29.607508813983806,239.9003092045466,6.495171383875487,371.41223296517484,Rural - Industrial,"Above average transport, industry, domestic. Low density.",Mid Ulster District Council,NI district
NAY,296.9919073002483,87.40027616633223,208.57643117279812,23.141332303827397,148.71472179169461,Rural - Industrial,"Above average transport, industry, domestic. Low density.",North Ayrshire Council,Scottish unitary authority
NBL,378.32902810482443,136.69416902787748,543.6632173960094,47.60983038812693,624.1063925186073,Rural - Mainstream,Above average industry/transport/domestic. Low density.,Northumberland County Council,Unitary authority
NDE,107.82598109815908,42.16864478955893,137.57580370572435,12.06546278992641,179.49072405377814,Rural - Mainstream,Above average industry/transport/domestic. Low density.,North Devon District Council,Non-metropolitan district
NEA,198.86706847119623,61.922175140365844,189.1226922146408,17.056429347524443,400.4570976389663,Rural - Industrial,"Above average transport, industry, domestic. Low density.",Newark and Sherwood District Council,Non-metropolitan district
NEC,93.58341098182234,44.06973170511526,194.47812904437913,20.195221970188463,194.87091248618168,Urban - Mainstream,Below average commercial/industry/transport/domestic. High density.,Newcastle-under-Lyme Borough Council,Non-metropolitan district
NED,71.74172151041175,32.42193884551572,170.25337333024913,10.144598851856845,153.60323090769865,Rural - Mainstream,Above average industry/transport/domestic. Low density.,North East Derbyshire District Council,Non-metropolitan district
NEL,265.69424008356515,105.76558549427416,221.2757957549309,47.82138197729508,244.46874276988592,Urban - Commercial,"Above average commercial/public sector, below average domestic/transport. High density.",North East Lincolnshire Council,Unitary authority
NET,92.32746301931368,173.688680127918,392.01523799891413,129.93292203301385,417.3042279263384,Urban - Commercial,"Above average commercial/public sector, below average domestic/transport. High density.",Newcastle City Council,Metropolitan district
NEW,162.72597042798594,66.40756145421571,270.58523156982284,17.240015402577587,416.0601354752199,Rural - Mainstream,Above average industry/transport/domestic. Low density.,New Forest District Council,Non-metropolitan district
NGM,101.34406808113687,152.69459708506594,387.08306319177376,121.09860406863956,340.36769370850834,Urban - Commercial,"Above average commercial/public sector, below average domestic/transport. High density.",Nottingham City Council,Unitary authority
NHE,90.32675685807702,46.466662978309806,191.00972118613174,13.143186326920864,216.74015284459358,Urban - Mainstream,Below average commercial/industry/transport/domestic. High density.,North Hertfordshire District Council,Non-metropolitan district
NKE,79.69483996151395,41.80795117950041,172.1779671761165,21.545127476337004,236.49312640731338,Rural - Mainstream,Above average industry/transport/domestic. Low density.,North Kesteven District Council,Non-metropolitan district
NLK,196.9437659279623,131.7805726094197,506.9621029783981,76.87311342786404,467.35158169991416,Urban - Mainstream,Below average commercial/industry/transport/domestic. High density.,North Lanarkshire Council,Scottish unitary authority
NLN,313.837902653001,107.83822355940492,258.0419555318612,28.84713202094407,292.82488995604575,Rural - Industrial,"Above average transport, industry, domestic. Low density.",North Lincolnshire Council,Unitary authority
NMD,380.81113709846284,49.18432924726676,310.179302303055,7.702601074291819,440.23127686795,Rural - Industrial,"Above average transport, industry, domestic. Low density.","Newry, Mourne and Down District Council",NI district
NNO,98.24879319318222,41.4272462302471,175.26587346079822,9.97827065891837,216.00797258252146,Rural - Mainstream,Above average industry/transport/domestic. Low density.,North Norfolk District Council,Non-metropolitan district
NNT,405.81071626734825,138.16675414628176,478.8412041527349,43.952160336939926,771.1173756522251,Rural - Mainstream,Above average industry/transport/domestic. Low density.,North Northamptonshire Council,Unitary authority
NOW,59.01191556633656,68.29369696776459,171.20891911361875,34.39965139911511,115.11813897807642,Urban - Commercial,"Above average commercial/public sector, below average domestic/transport. High density.",Norwich City Council,Non-metropolitan district
NSM,175.15751742938698,74.87086633294484,293.71270124762196,23.470302081192873,295.167299518787,Urban - Mainstream,Below average commercial/industry/transport/domestic. High density.,North Somerset  Council,Unitary authority
NTL,186.5355280668729,111.58169089970156,226.84274888284875,55.22027127640364,172.57087604418393,Urban - Commercial,"Above average commercial/public sector, below average domestic/transport. High density.",Neath Port Talbot County Borough Council,Welsh unitary authority
NTY,101.63389183843466,92.64249522984947,307.2054745079671,32.17572760227874,291.67950635091825,Urban - Mainstream,Below average commercial/industry/transport/domestic. High density.,North Tyneside Council,Metropolitan district
NUN,50.29777231483458,35.59938418703472,187.06184643859893,18.186806500818637,138.23097007041733,Urban - Mainstream,Below average commercial/industry/transport/domestic. High density.,Nuneaton and Bedworth Borough Council,Non-metropolitan district
NWA,118.61132377447899,60.62663567038844,99.05575388074358,8.390568205501536,161.58166774404577,Rural - Industrial,"Above average transport, industry, domestic. Low density.",North Warwickshire Borough Council,Non-metropolitan district
NWL,339.40732992395533,62.168215934242596,165.78043580446678,9.390375855523345,309.3844853348375,Rural - Industrial,"Above average transport, industry, domestic. Low density.",North West Leicestershire District Council,Non-metropolitan district
NWM,163.72821200317088,170.67872710337755,293.72869974792206,68.58469873463714,323.71244246594,Urban - Commercial,"Above average commercial/public sector, below average domestic/transport. High density.",London Borough of Newham,London borough
NWP,204.8748095874412,91.27771169185239,211.1738144554419,49.30143694515084,226.64328616218768,Urban - Commercial,"Above average commercial/public sector, below average domestic/transport. High density.",Newport City Council,Welsh unitary authority
OAD,29.088667156988855,15.958009067598452,82.47005179396851,6.646469147562953,39.3687870425901,Urban - Mainstream,Below average commercial/industry/transport/domestic. High density.,Oadby and Wigston Borough Council,Non-metropolitan district
OLD,116.61266225182558,72.43818553403841,310.9665896026589,32.693724761611456,212.00026936356292,Urban - Mainstream,Below average commercial/industry/transport/domestic. High density.,Oldham Metropolitan Borough Council,Metropolitan district
ORK,48.24814185434785,8.948682878736957,41.99465369955685,2.609078375907516,31.0589421627254,Rural - Industrial,"Above average transport, industry, domestic. Low density.",Orkney Islands Council,Scottish unitary authority
OXO,82.19561096010601,121.21897057147537,180.85443509382938,94.46493858271414,124.85934914057114,Urban - High Commercial,Very high commercial/public sector.,Oxford City Council,Non-metropolitan district
PEM,179.8542448676526,119.36378149155908,222.4532082412058,19.465143879170043,225.47353628301306,Rural - Industrial,"Above average transport, industry, domestic. Low density.",Pembrokeshire County Council,Welsh unitary authority
PEN,88.93190827730672,24.965561250323848,145.3625112436839,9.760009356200888,115.55326296011265,Urban - Mainstream,Below average commercial/industry/transport/domestic. High density.,Pendle Borough Council,Non-metropolitan district
PKN,117.29195106906931,76.59197955388208,266.47396360739197,28.083927669438573,437.46346995054995,Rural - Mainstream,Above average industry/transport/domestic. Low density.,Perth and Kinross Council,Scottish unitary authority
PLY,113.96377406566532,93.81493361655534,293.36726574961796,56.22989658061488,301.20480649025694,Urban - Mainstream,Below average commercial/industry/transport/domestic. High density.,Plymouth City Council,Unitary authority
POR,68.87684022428078,116.46131592899481,230.1168732401008,49.670529930425545,196.1475919103456,Urban - Commercial,"Above average commercial/public sector, below average domestic/transport. High density.",Portsmouth City Council,Unitary authority
POW,209.02711028559446,45.135212804413875,261.23711828038466,12.42569801913448,341.512783902474,Rural - Industrial,"Above average transport, industry, domestic. Low density.",Powys County Council,Welsh unitary authority
PRE,79.14669425049274,59.46250859722715,199.59921673805601,45.22150226412546,155.79314640011717,Urban - Commercial,"Above average commercial/public sector, below average domestic/transport. High density.",Preston City Council,Non-metropolitan district
PTE,102.79240857414302,119.08081968999501,256.14387022840873,39.02391857953539,429.7738214678797,Rural - Mainstream,Above average industry/transport/domestic. Low density.,Peterborough City Council,Unitary authority
RCC,291.4962410477064,107.9228488463428,194.92515232891319,34.25029716481901,200.6868726917983,Rural - Industrial,"Above average transport, industry, domestic. Low density.",Redcar and Cleveland Borough Council,Unitary authority
RCH,124.08853832645248,63.205385521767006,299.78484823154696,28.496562476621012,208.9696898370807,Urban - Mainstream,Below average commercial/industry/transport/domestic. High density.,Rochdale Metropolitan Borough Council,Metropolitan district
RCT,135.03036884914619,72.83877212988938,355.00162955423593,46.2345168441373,363.35526098249386,Urban - Mainstream,Below average commercial/industry/transport/domestic. High density.,Rhondda Cynon Taf County Borough Council,Welsh unitary authority
RDB,22.01091648823336,60.91573354063619,364.4200071009307,26.999898155632874,281.5204608559547,Urban - Mainstream,Below average commercial/industry/transport/domestic. High density.,London Borough of Redbridge,London borough
RDG,55.94880963001063,84.3463763216569,204.09360359742502,41.00084387777782,108.04188038755514,Urban - Commercial,"Above average commercial/public sector, below average domestic/transport. High density.",Reading Borough Council,Unitary authority
RED,76.32432172656023,32.93593485407788,112.06474856051817,10.363244711987502,94.6011632098529,Urban - Mainstream,Below average commercial/industry/transport/domestic. High density.,Redditch Borough Council,Non-metropolitan district
REI,62.53982878581497,57.342853292913546,236.08273645428747,23.25560672873468,174.12844343233388,Urban - Mainstream,Below average commercial/industry/transport/domestic. High density.,Reigate and Banstead Borough Council,Non-metropolitan district
RFW,89.72938767883701,101.84209090355948,263.47919283334625,37.12567491886311,239.98232727645924,Urban - Commercial,"Above average commercial/public sector, below average domestic/transport. High density.",Renfrewshire Council,Scottish unitary authority
RIB,116.52836919748486,34.13361734208153,107.08559757959502,9.115669459829636,120.92508124681505,Rural - Industrial,"Above average transport, industry, domestic. Low density.",Ribble Valley Borough Council,Non-metropolitan district
RIC,20.604219921597313,81.48590879257033,301.887588001024,22.269946383605884,189.19231005471156,Urban - Mainstream,Below average commercial/industry/transport/domestic. High density.,London Borough of Richmond upon Thames,London borough
RIH,54.650282903044236,32.8936652381678,88.05927208084606,10.001156558619911,111.8386944809806,Rural - Mainstream,Above average industry/transport/domestic. Low density.,Richmondshire District Council,Non-metropolitan district
ROC,27.23910963047571,18.963694019758552,126.46839171178942,6.354697402428347,105.70488411756845,Urban - Mainstream,Below average commercial/industry/transport/domestic. High density.,Rochford District Council,Non-metropolitan district
ROH,81.60038161228115,26.44712481930306,155.994610111488,7.895720855327212,169.7669386317796,Rural - Mainstream,Above average industry/transport/domestic. Low density.,Rother District Council,Non-metropolitan district
ROS,79.35579448745979,20.037764798800122,119.61039366149186,6.429753884632732,115.5231374048887,Rural - Mainstream,Above average industry/transport/domestic. Low density.,Rossendale Borough Council,Non-metropolitan district
ROT,217.26352677725788,128.54541237955894,404.33295766149155,57.86866117692625,365.38831474193825,Rural - Mainstream,Above average industry/transport/domestic. Low density.,Rotherham Metropolitan Borough Council,Metropolitan district
RUG,119.41459170099478,83.56879844681758,157.39279044596086,19.12419445046152,229.93009755604163,Rural - Mainstream,Above average industry/transport/domestic. Low density.,Rugby Borough Council,Non-metropolitan district
RUH,36.90082509517262,52.04542814015352,119.32066075478829,13.28590382215723,107.35749083556534,Urban - Mainstream,Below average commercial/industry/transport/domestic. High density.,Rushmoor Borough Council,Non-metropolitan district
RUN,22.461279338136098,56.31347880266784,127.1720718802431,31.422620833653855,112.52852661777962,Urban - Commercial,"Above average commercial/public sector, below average domestic/transport. High density.",Runnymede Borough Council,Non-metropolitan district
RUS,52.78974047817898,76.54979062101474,188.61025134965297,42.40394032595565,269.37859917324863,Urban - Commercial,"Above average commercial/public sector, below average domestic/transport. High density.",Rushcliffe Borough Council,Non-metropolitan district
RUT,74.90716315173515,29.25308610702886,64.19981783516856,9.585406599466445,157.5149996576297,Rural - Industrial,"Above average transport, industry, domestic. Low density.",Rutland County Council,Unitary authority
RYE,112.64485059222851,28.925627056065412,99.93606633943213,24.823669621841315,188.521003969495,Rural - Industrial,"Above average transport, industry, domestic. Low density.",Ryedale District Council,Non-metropolitan district
SAL,31.153751826169017,57.44038167884929,230.52882963856345,13.754528038665965,202.61890122172557,Urban - Mainstream,Below average commercial/industry/transport/domestic. High density.,St Albans City and District Council,Non-metropolitan district
SAW,240.75974502886555,134.1469622069713,413.2789538499582,49.067047112121365,361.52112192896584,Urban - Mainstream,Below average commercial/industry/transport/domestic. High density.,Sandwell Metropolitan Borough Council,Metropolitan district
SAY,159.14029357467743,50.57984958335586,191.214777864809,19.79745679962096,209.39866824210768,Rural - Mainstream,Above average industry/transport/domestic. Low density.,South Ayrshire Council,Scottish unitary authority
SCA,195.75654857654058,79.1408856593431,236.65486512449178,17.34695186636432,473.7558599928278,Rural - Mainstream,Above average industry/transport/domestic. Low density.,South Cambridgeshire District Council,Non-metropolitan district
SCB,185.623760266928,46.79304879686803,217.3981754981333,12.891969965330908,243.0120457432487,Rural - Industrial,"Above average transport, industry, domestic. Low density.",Scottish Borders Council,Scottish unitary authority
SCE,95.6930940763379,55.28375472238101,183.14503711584473,20.03346637813671,141.15711554338836,Rural - Mainstream,Above average industry/transport/domestic. Low density.,Scarborough Borough Council,Non-metropolitan district
SDE,123.96115769919787,44.33484118945207,163.25817590943225,11.71491557452271,312.3548979254022,Rural - Mainstream,Above average industry/transport/domestic. Low density.,South Derbyshire District Council,Non-metropolitan district
SEG,162.74334908595472,50.291755420710025,163.27821802682445,15.18078204140509,200.3849116681566,Rural - Mainstream,Above average industry/transport/domestic. Low density.,Sedgemoor District Council,Non-metropolitan district
SEL,264.27903262375946,40.071872285739666,142.51475570837093,9.377745202424295,205.3969973874802,Rural - Industrial,"Above average transport, industry, domestic. Low density.",Selby District Council,Non-metropolitan district
SEV,48.99054343729863,34.36205384275928,202.3559457011439,10.06380200421362,169.42749333016067,Urban - Mainstream,Below average commercial/industry/transport/domestic. High density.,Sevenoaks District Council,Non-metropolitan district
SFT,66.2848130293,161.88871249133715,408.13888142984547,101.0767105059784,248.9907921472748,Urban - Commercial,"Above average commercial/public sector, below average domestic/transport. High density.",Sefton Metropolitan Borough Council,Metropolitan district
SGC,208.70950253037458,122.4763849232749,367.6236436187035,40.58320501180246,397.9733446918871,Urban - Mainstream,Below average commercial/industry/transport/domestic. High density.,South Gloucestershire Council,Unitary authority
SHA,106.93048000153337,47.1053466495289,134.2539532128878,8.542651411810208,234.77190941897786,Rural - Mainstream,Above average industry/transport/domestic. Low density.,South Hams District Council,Non-metropolitan district
SHE,45.411465332741926,36.936164793900836,156.83213873372117,14.9462076658576,130.99159208598275,Urban - Mainstream,Below average commercial/industry/transport/domestic. High density.,Folkestone and Hythe District Council,Non-metropolitan district
SHF,317.10103818135167,246.62645748081744,767.7315003525771,134.97039908321685,604.1055356957595,Urban - Mainstream,Below average commercial/industry/transport/domestic. High density.,Sheffield City Council,Metropolitan district
SHN,137.5297063023169,146.38110189354697,256.22607394269255,57.589866192179954,186.24684636699223,Urban - Commercial,"Above average commercial/public sector, below average domestic/transport. High density.",St Helens Council,Metropolitan district
SHO,99.48849011639764,44.29699613712055,140.45115281597245,7.1924808668654725,184.93147056649607,Rural - Mainstream,Above average industry/transport/domestic. Low density.,South Holland District Council,Non-metropolitan district
SHR,334.2218101940329,144.5686970968209,492.90288460826514,54.83705849357763,645.7585964171423,Rural - Mainstream,Above average industry/transport/domestic. Low density.,Shropshire Council,Unitary authority
SKE,176.40543997500032,53.782737164939014,209.1831727587271,17.934403733475573,331.2151076307219,Rural - Mainstream,Above average industry/transport/domestic. Low density.,South Kesteven District Council,Non-metropolitan district
SKP,145.73585996094795,87.1365879053846,447.67369040172,36.12634629859282,340.66944002973764,Urban - Mainstream,Below average commercial/industry/transport/domestic. High density.,Stockport Metropolitan Borough Council,Metropolitan district
SLA,190.88916356324032,60.252825231436184,197.84123037890436,12.115673188783397,237.91777100998624,Rural - Industrial,"Above average transport, industry, domestic. Low density.",South Lakeland District Council,Non-metropolitan district
SLF,101.13396076783523,118.87647314471918,329.2721652308846,55.894663851111474,296.4567267373159,Urban - Mainstream,Below average commercial/industry/transport/domestic. High density.,Salford City Council,Metropolitan district
SLG,160.5489131408777,141.53347106767578,159.00600580128392,29.524946080337372,84.76210198289432,Urban - Commercial,"Above average commercial/public sector, below average domestic/transport. High density.",Slough Borough Council,Unitary authority
SLK,195.70192092911492,110.27547108909752,522.451631142674,47.19688619650848,337.1186410376484,Urban - Mainstream,Below average commercial/industry/transport/domestic. High density.,South Lanarkshire Council,Scottish unitary authority
SND,195.49563562865788,117.30170796561046,411.460875247582,58.13158519624506,391.3632497270715,Urban - Mainstream,Below average commercial/industry/transport/domestic. High density.,Sunderland City Council,Metropolitan district
SNO,116.10615923796796,47.25244965661928,201.96413869513023,33.345414509159795,403.59646191329455,Rural - Mainstream,Above average industry/transport/domestic. Low density.,South Norfolk District Council,Non-metropolitan district
SOL,115.1155006807214,164.92600576859783,325.1744371812239,33.911551888345095,339.49025798896116,Urban - Commercial,"Above average commercial/public sector, below average domestic/transport. High density.",Solihull Metropolitan Borough Council,Metropolitan district
SOS,32.36158125038722,55.136559040060135,259.25771855949387,26.297160043598208,140.68929860991665,Urban - Mainstream,Below average commercial/industry/transport/domestic. High density.,Southend-on-Sea Borough Council,Unitary authority
SOX,94.79199897095248,87.67831338129172,235.1003139205999,18.60174408638833,242.99120041905178,Rural - Mainstream,Above average industry/transport/domestic. Low density.,South Oxfordshire District Council,Non-metropolitan district
SPE,25.17648665387113,42.43487235092733,141.2847152055616,8.97748559967456,103.17396166169475,Urban - Mainstream,Below average commercial/industry/transport/domestic. High density.,Spelthorne Borough Council,Non-metropolitan district
SRI,198.1989713718103,39.90220459147985,166.22719899179285,11.059352560048508,129.825855491474,Rural - Mainstream,Above average industry/transport/domestic. Low density.,South Ribble Borough Council,Non-metropolitan district
SSO,197.99163993864468,56.78151198820466,236.08894402036594,26.609624115350933,361.3443483891144,Rural - Mainstream,Above average industry/transport/domestic. Low density.,South Somerset District Council,Non-metropolitan district
SST,150.18715053003072,40.24692338240765,168.62262402699298,21.979329309356046,204.6106566150346,Rural - Mainstream,Above average industry/transport/domestic. Low density.,South Staffordshire Council,Non-metropolitan district
STA,89.47804471456502,53.94373895252038,211.0140893152892,30.917321397145464,248.6382453329419,Rural - Mainstream,Above average industry/transport/domestic. Low density.,Stafford Borough Council,Non-metropolitan district
STE,258.986209980889,195.50624006897874,370.82197654311705,121.05100299853281,319.42641186081926,Urban - Commercial,"Above average commercial/public sector, below average domestic/transport. High density.",Stoke-on-Trent City Council,Unitary authority
STF,177.51157350142338,37.66256674715032,168.8933211826428,11.484333986513843,179.77260807979127,Rural - Industrial,"Above average transport, industry, domestic. Low density.",Staffordshire Moorlands District Council,Non-metropolitan district
STG,147.45705368904143,53.161278667262295,152.32570747443913,25.023940573923692,194.07488437226328,Rural - Industrial,"Above average transport, industry, domestic. Low density.",Stirling Council,Scottish unitary authority
STH,83.57112966452257,92.5565001689614,257.83591694770485,63.182429885628714,209.63720398297218,Urban - Commercial,"Above average commercial/public sector, below average domestic/transport. High density.",Southampton City Council,Unitary authority
STN,33.99968263485499,69.18796608962656,269.95593361859386,28.454126147012445,163.457591414232,Urban - Mainstream,Below average commercial/industry/transport/domestic. High density.,London Borough of Sutton,London borough
STO,122.55808340700708,41.42515159342092,183.0064529070683,11.731648749578843,170.1972232241674,Rural - Mainstream,Above average industry/transport/domestic. Low density.,Stroud District Council,Non-metropolitan district
STR,264.8644961208,67.66856201519332,213.29206329823327,11.123066708899092,313.2679386319829,Rural - Industrial,"Above average transport, industry, domestic. Low density.",Stratford-on-Avon District Council,Non-metropolitan district
STT,292.6285640451979,112.10567320083427,272.92690681480804,38.335805543174494,346.93664423027144,Rural - Mainstream,Above average industry/transport/domestic. Low density.,Stockton-on-Tees Borough Council,Unitary authority
STV,47.633913536487,67.65933218713127,105.95438073430506,25.91617172116366,93.64907104814912,Urban - Commercial,"Above average commercial/public sector, below average domestic/transport. High density.",Stevenage Borough Council,Non-metropolitan district
STY,45.08099346795083,34.69549798044312,215.11308407382097,22.808364719560196,173.81840787851084,Urban - Mainstream,Below average commercial/industry/transport/domestic. High density.,South Tyneside Council,Metropolitan district
SUR,55.351967690503194,47.82866736810816,147.00966034988195,15.870004854606979,136.34106119902486,Rural - Mainstream,Above average industry/transport/domestic. Low density.,Surrey Heath Borough Council,Non-metropolitan district
SWA,122.51360025178157,105.99467991613677,369.2646608671022,63.1306258726836,291.537104660315,Urban - Commercial,"Above average commercial/public sector, below average domestic/transport. High density.",City and County of Swansea Council,Welsh unitary authority
SWD,134.81651560564384,124.92018123232228,286.2693639233958,32.59443173531285,325.31067994724947,Urban - Mainstream,Below average commercial/industry/transport/domestic. High density.,Swindon Borough Council,Unitary authority
SWK,52.31621928818164,248.16769217522807,297.0421754263007,108.91188568595443,226.64519553949037,Urban - Commercial,"Above average commercial/public sector, below average domestic/transport. High density.",London Borough of Southwark,London borough
SWL,169.03663029933313,59.52443593350448,189.28504079535497,16.656838016259325,207.61506944378087,Urban - Mainstream,Below average commercial/industry/transport/domestic. High density.,Swale Borough Council,Non-metropolitan district
SWT,96.69599189558,47.51897559770415,209.19150322395177,20.233226745483137,288.02340964950486,Urban - Mainstream,Below average commercial/industry/transport/domestic. High density.,Somerset West and Taunton Council,Non-metropolitan district
TAM,119.36429211147781,56.92684767976518,313.6889479340248,29.140510798193127,188.11177038784606,Urban - Mainstream,Below average commercial/industry/transport/domestic. High density.,Tameside Metropolitan Borough Council,Metropolitan district
TAN,23.28836382042506,31.425118197941188,153.1135643038835,10.727997492611577,126.84669907409254,Urban - Mainstream,Below average commercial/industry/transport/domestic. High density.,Tandridge District Council,Non-metropolitan district
TAW,43.74793142441023,18.94013486402869,104.79098552679991,3.6807698685031025,75.15155868359246,Urban - Mainstream,Below average commercial/industry/transport/domestic. High density.,Tamworth Borough Council,Non-metropolitan district
TEI,113.1887093847738,41.94264281211456,180.13963060683483,14.923444149586905,383.43203159053417,Rural - Mainstream,Above average industry/transport/domestic. Low density.,Teignbridge District Council,Non-metropolitan district
TEN,60.31507296314235,52.02339043027044,210.03763280919912,17.405926085230995,233.99974220755527,Urban - Mainstream,Below average commercial/industry/transport/domestic. High density.,Tendring District Council,Non-metropolitan district
TES,107.17220661419375,55.758234848066365,188.62464927577946,20.36009505017907,318.2445405300735,Rural - Mainstream,Above average industry/transport/domestic. Low density.,Test Valley Borough Council,Non-metropolitan district
TEW,117.70756824255155,42.58248190376158,130.404869164805,13.784366064414906,198.29860635247428,Rural - Mainstream,Above average industry/transport/domestic. Low density.,Tewkesbury Borough Council,Non-metropolitan district
TFW,201.0888760968468,83.9910547122706,242.76849471674583,41.52783853380349,278.466049175341,Rural - Mainstream,Above average industry/transport/domestic. Low density.,Telford & Wrekin Council,Unitary authority
THA,61.07376685179405,110.75989857251653,187.65131018589307,27.821447087456523,128.13214534688288,Urban - Commercial,"Above average commercial/public sector, below average domestic/transport. High density.",Thanet District Council,Non-metropolitan district
THE,24.49025954725264,38.967973531665535,151.24698201319904,11.68819803594267,99.79922538075013,Urban - Mainstream,Below average commercial/industry/transport/domestic. High density.,Three Rivers District Council,Non-metropolitan district
THR,150.83392534349835,109.29065501241146,198.82993016624664,27.157400627988537,319.0397900081908,Urban - Commercial,"Above average commercial/public sector, below average domestic/transport. High density.",Thurrock Council,Unitary authority
TOB,22.41377612770791,63.79100613011776,178.532979005925,26.314123687639125,134.54893599944097,Urban - Mainstream,Below average commercial/industry/transport/domestic. High density.,Torbay Council,Unitary authority
TOF,100.46354662104636,29.411494499916778,126.85786956922891,20.828373122090696,138.88215605811368,Urban - Mainstream,Below average commercial/industry/transport/domestic. High density.,Torfaen County Borough Council,Welsh unitary authority
TON,93.91745330937783,39.887433965111796,185.520573891481,7.975466365556178,200.05889896303526,Urban - Mainstream,Below average commercial/industry/transport/domestic. High density.,Tonbridge and Malling Borough Council,Non-metropolitan district
TOR,72.92617376757593,19.491706493162333,96.9108352205603,4.039794358366555,125.38775118011009,Rural - Mainstream,Above average industry/transport/domestic. Low density.,Torridge District Council,Non-metropolitan district
TRF,326.1942409824896,196.62165782214404,350.62605852037575,35.905971670816754,264.62549714180574,Urban - Commercial,"Above average commercial/public sector, below average domestic/transport. High density.",Trafford Metropolitan Borough Council,Metropolitan district
TUN,40.11831763240996,54.133494687670456,183.4848268528262,15.37563597010989,160.61709016889617,Urban - Mainstream,Below average commercial/industry/transport/domestic. High density.,Tunbridge Wells Borough Council,Non-metropolitan district
TWH,119.14009792188978,399.737602567618,226.0555338343271,126.59803248671479,285.54226037353004,Urban - Commercial,"Above average commercial/public sector, below average domestic/transport. High density.",London Borough of Tower Hamlets,London borough
UTT,60.3489964997013,39.072701548152374,141.05148088219704,10.476777702346919,262.2510298713488,Rural - Mainstream,Above average industry/transport/domestic. Low density.,Uttlesford District Council,Non-metropolitan district
VAL,106.44165299854821,74.45314757983172,204.56762489097605,23.189763467092163,382.90498776620115,Rural - Mainstream,Above average industry/transport/domestic. Low density.,Vale of White Horse District Council,Non-metropolitan district
VGL,106.84247951126459,39.668435240378415,189.9946829823629,16.558037906545426,193.43312247897165,Urban - Mainstream,Below average commercial/industry/transport/domestic. High density.,Vale of Glamorgan Council,Welsh unitary authority
WAE,31.02731060335389,44.831265806628465,222.87194323216863,16.292231015896807,248.81710375836985,Rural - Mainstream,Above average industry/transport/domestic. Low density.,Waverley Borough Council,Non-metropolitan district
WAT,26.022633653198202,62.52714815563996,125.40096496015092,15.739525850817941,84.30076221202498,Urban - Commercial,"Above average commercial/public sector, below average domestic/transport. High density.",Watford Borough Council,Non-metropolitan district
WAW,73.26596932272372,69.879807685157,209.6222785235206,21.498527607265952,310.87445815452355,Rural - Mainstream,Above average industry/transport/domestic. Low density.,Warwick District Council,Non-metropolitan district
WBK,181.33536595014388,75.19296340103841,248.09423359459004,22.288815225642736,323.2985472389675,Rural - Mainstream,Above average industry/transport/domestic. Low density.,West Berkshire Council,Unitary authority
WDE,81.57144246458917,23.210245149645036,84.42174430861066,7.391727182127671,182.13660198545318,Rural - Industrial,"Above average transport, industry, domestic. Low density.",West Devon Borough Council,Non-metropolitan district
WDU,31.029214615378493,36.413621388617244,124.6339905435605,33.01405010232851,129.47757568899684,Urban - Commercial,"Above average commercial/public sector, below average domestic/transport. High density.",West Dunbartonshire Council,Scottish unitary authority
WEA,78.55847895034344,35.58941235193972,261.7133986025117,10.955031847817512,337.9467916944208,Rural - Mainstream,Above average industry/transport/domestic. Low density.,Wealden District Council,Non-metropolitan district
WEW,76.23097972295992,80.53305778499914,159.58928742590382,32.54521434112029,141.004170511045,Urban - Commercial,"Above average commercial/public sector, below average domestic/transport. High density.",Welwyn Hatfield Borough Council,Non-metropolitan district
WFT,36.85444280746674,66.64474456365546,306.2738949410416,28.406170505826577,206.33414005029456,Urban - Mainstream,Below average commercial/industry/transport/domestic. High density.,London Borough of Waltham Forest,London borough
WGN,165.30961595610322,91.87493869400988,460.23423657602314,45.20433963061961,329.8187197799992,Urban - Mainstream,Below average commercial/industry/transport/domestic. High density.,Wigan Metropolitan Borough Council,Metropolitan district
WIL,462.8486639005501,208.78351923997616,709.4162243468093,82.86945695939694,945.2968614694869,Rural - Mainstream,Above average industry/transport/domestic. Low density.,Wiltshire Council,Unitary authority
WIN,91.13351842531164,62.40852943582901,189.78287813747073,27.22709766114071,274.03114633288186,Rural - Mainstream,Above average industry/transport/domestic. Low density.,Winchester City Council,Non-metropolitan district
WKF,438.14402774235026,184.34785224138452,502.20934138049813,85.36197232917019,461.06592960838543,Urban - Commercial,"Above average commercial/public sector, below average domestic/transport. High density.",Wakefield Metropolitan District Council,Metropolitan district
WLA,133.18692975350717,85.4823348601754,176.0999762010447,31.20249099782328,169.30438059099214,Urban - Commercial,"Above average commercial/public sector, below average domestic/transport. High density.",West Lancashire Borough Council,Non-metropolitan district
WLI,95.46512048945567,35.70606643949063,152.67614719376297,12.970892915520675,214.95216620542857,Rural - Mainstream,Above average industry/transport/domestic. Low density.,West Lindsey District Council,Non-metropolitan district
WLL,154.24368365054784,74.191547450356,376.7002059296447,39.72378525174228,273.7175408213513,Urban - Mainstream,Below average commercial/industry/transport/domestic. High density.,Walsall Metropolitan Borough Council,Metropolitan district
WLN,204.2808027999728,114.258007905291,279.6043802279675,35.93728464728794,225.70562665229795,Urban - Commercial,"Above average commercial/public sector, below average domestic/transport. High density.",West Lothian Council,Scottish unitary authority
WLV,134.57476798813929,91.50516860988627,353.84568630045544,50.44328029492682,294.7060557170998,Urban - Mainstream,Below average commercial/industry/transport/domestic. High density.,City of Wolverhampton Council,Metropolitan district
WND,34.07720654401599,128.00837704942776,400.1052884062204,73.2007427569946,228.77145144889172,Urban - Mainstream,Below average commercial/industry/transport/domestic. High density.,London Borough of Wandsworth,London borough
WNM,52.02308961508685,88.67978878517572,247.57034585546765,23.06048267204726,218.6345392079708,Urban - Mainstream,Below average commercial/industry/transport/domestic. High density.,Royal Borough of Windsor and Maidenhead,Unitary authority
WNT,331.3433518290583,189.76979942111717,559.1068065388631,61.67953459427132,860.6028971361914,Rural - Mainstream,Above average industry/transport/domestic. Low density.,West Northamptonshire Council,Unitary authority
WOC,38.75418185164663,47.052470125773254,128.6880865512452,18.77876902470811,97.10892742823604,Urban - Mainstream,Below average commercial/industry/transport/domestic. High density.,Worcester City Council,Non-metropolitan district
WOI,45.893093967914886,65.95717028221087,151.419750630588,13.170230527156018,92.67605176884082,Urban - Mainstream,Below average commercial/industry/transport/domestic. High density.,Woking Borough Council,Non-metropolitan district
WOK,43.84297664167997,75.11522521310121,256.72596076236573,14.390840650300062,184.07710791511687,Urban - Mainstream,Below average commercial/industry/transport/domestic. High density.,Wokingham Borough Council,Unitary authority
WOT,36.324860572341976,28.447382025140787,142.70806872399427,17.686480031404514,84.93650057287759,Urban - Mainstream,Below average commercial/industry/transport/domestic. High density.,Worthing Borough Council,Non-metropolitan district
WOX,103.56445681776407,44.83770975251853,182.13079765252894,16.93211287144875,205.86939644389554,Rural - Mainstream,Above average industry/transport/domestic. Low density.,West Oxfordshire District Council,Non-metropolitan district
WRL,139.63335056026588,98.24714706153344,470.41793723854533,61.266193497880955,327.0140608308625,Urban - Mainstream,Below average commercial/industry/transport/domestic. High density.,Wirral Borough Council,Metropolitan district
WRT,223.68192360163656,117.27461050560741,294.5638967622591,32.842593299589446,265.4946486243574,Urban - Mainstream,Below average commercial/industry/transport/domestic. High density.,Warrington Borough Council,Unitary authority
WRX,339.53049344476176,70.51032344882134,199.3734030289558,35.64609410447113,237.62747027336297,Rural - Industrial,"Above average transport, industry, domestic. Low density.",Wrexham County Borough Council,Welsh unitary authority
WSK,326.915030192726,139.39735014865846,244.93452415128905,57.483974625034335,420.00834189356607,Rural - Industrial,"Above average transport, industry, domestic. Low density.",West Suffolk Council,Non-metropolitan district
WSM,111.42479309876762,821.6828708607135,290.1449335272722,204.33878578900948,271.5279995515425,Urban - High Commercial,Very high commercial/public sector.,City of Westminster,London borough
WYC,158.92070346830263,80.985118013669,192.82366344877812,15.415220781464573,251.17537766277096,Rural - Mainstream,Above average industry/transport/domestic. Low density.,Wychavon District Council,Non-metropolitan district
WYE,60.309673139407465,37.11359372423547,144.70869320881354,13.567660013759317,137.5842862312764,Urban - Mainstream,Below average commercial/industry/transport/domestic. High density.,Wyre Forest District Council,Non-metropolitan district
WYR,122.40165678965062,47.96733315386936,173.0647353909064,13.189046917534517,150.82292963752877,Rural - Mainstream,Above average industry/transport/domestic. Low density.,Wyre Borough Council,Non-metropolitan district
YOR,74.3112185831402,104.46155986773059,284.0828493883843,41.33818359853318,302.69972034496385,Urban - Mainstream,Below average commercial/industry/transport/domestic. High density.,City of York Council,Unitary authority
ZET,55.51178996771509,10.631967169884918,39.59120189180558,2.742905740495657,47.799975504657624,Rural - Industrial,"Above average transport, industry, domestic. Low density.",Shetland Islands Council,Scottish unitary authority
CAM,666.0332667471866,313.9975527962559,918.4523887433102,146.50403124261163,1549.7875051298233,Rural - Mainstream,Above average industry/transport/domestic. Low density.,Cambridgeshire County Council,County
CMA,925.0469609278946,281.54279897007484,890.48886067569,95.64424800056429,864.8071044678193,Rural - Industrial,"Above average transport, industry, domestic. Low density.",Cumbria County Council,County
DBY,856.3264864754403,264.0430766431101,989.8321179023013,99.8818114986241,1184.521946587561,Urban - Mainstream,Below average commercial/industry/transport/domestic. High density.,Derbyshire County Council,County
DEV,833.2660696558759,413.3163500569237,1416.6812506035296,154.32111166692744,1808.1305166640163,Rural - Mainstream,Above average industry/transport/domestic. Low density.,Devon County Council,County
ESS,261.3399490413528,303.07604082846547,942.7497323395445,77.26151776791909,942.6367063477261,Urban - Mainstream,Below average commercial/industry/transport/domestic. High density.,Essex County Council,County
ESX,239.27702407310238,146.83840777697506,805.8104375014375,63.50730643326415,821.5877274030074,Urban - Mainstream,Below average commercial/industry/transport/domestic. High density.,East Sussex County Council,County
GLA,1924.867826798438,5729.109536292387,10537.06099135568,1820.4390526302311,7870.3867867023655,Urban - Commercial,"Above average commercial/public sector, below average domestic/transport. High density.",Greater London Authority,Strategic Regional Authority
GLS,1031.7438909441214,581.1840311462437,2084.8480676512254,221.67384534321138,2660.9643963616527,High Domestic Counties,Very above average domestic and transport in county councils.,Gloucestershire County Council,County
GMCA,1484.9925048980951,1195.8064590362271,3793.0299164244047,504.8429549173901,2979.311717660705,Urban - Mainstream,Below average commercial/industry/transport/domestic. High density.,Greater Manchester Combined Authority,Combined authority
HAM,317.90164002632935,235.44092071768438,954.468908337373,88.89522339662577,1012.2473617231515,Urban - Mainstream,Below average commercial/industry/transport/domestic. High density.,Hampshire County Council,County
HRT,820.9302777406468,650.4842151585157,1953.4786191688738,184.248200027694,2162.137976885086,Rural - Mainstream,Above average industry/transport/domestic. Low density.,Hertfordshire County Council,County
KEN,620.0267179180634,523.6823354389718,1836.4773742912357,162.94246645130633,1854.580238303137,Urban - Mainstream,Below average commercial/industry/transport/domestic. High density.,Kent County Council,County
LAN,1125.4347137744476,679.5179311590131,2104.972700838263,268.94274355765043,1864.884385819621,Rural - Mainstream,Above average industry/transport/domestic. Low density.,Lancashire County Council,County
LCR,818.6792972574789,761.2252045499768,2102.5670969046655,433.88785177715886,1812.019980082482,Urban - Commercial,"Above average commercial/public sector, below average domestic/transport. High density.",Liverpool City Region,Combined authority
LEC,981.82458693558,413.92614343185403,1705.6625356646757,168.3310317133552,1613.5634101962678,Rural - Industrial,"Above average transport, industry, domestic. Low density.",Leicestershire County Council,County
LIN,911.3161227033415,343.6295038625091,1131.3763482755344,115.09784674470507,1513.3565055740673,Rural - Mainstream,Above average industry/transport/domestic. Low density.,Lincolnshire County Council,County
NECA,764.077368377086,391.56586465396384,1742.8916235162155,232.38163784544648,1714.0866768226315,Urban - Mainstream,Below average commercial/industry/transport/domestic. High density.,North East Combined Authority	,Combined authority
NFK,1097.775670741405,384.2277977592719,1455.7731453424205,153.87545982190676,2083.8065018548627,Rural - Mainstream,Above average industry/transport/domestic. Low density.,Norfolk County Council,County
NTCA,572.2903829625728,403.025344385645,1242.8839299028905,209.71848002341954,1333.090126795864,Urban - Commercial,"Above average commercial/public sector, below average domestic/transport. High density.",North of Tyne Combined Authority,Combined authority
NTT,683.9200988848561,369.3019329822767,1323.6860606011473,157.2435110963334,1276.0911834257624,Rural - Mainstream,Above average industry/transport/domestic. Low density.,Nottinghamshire County Council,County
NYK,775.7136096631234,276.37486756164515,875.7089606795071,103.23864805213037,1195.900200676315,Rural - Mainstream,Above average industry/transport/domestic. Low density.,North Yorkshire County Council,County
OXF,726.7108868609567,462.201275604202,1215.0982530975684,197.6101314343888,1603.9605217606147,Rural - Mainstream,Above average industry/transport/domestic. Low density.,Oxfordshire County Council,County
SCR,1106.8883858822453,594.7933611242923,2073.8280186881225,283.47797847869856,1790.7182091405218,Urban - Mainstream,Below average commercial/industry/transport/domestic. High density.,Sheffield City Region,Combined authority
SFK,662.144820042156,228.79636050116028,792.6595874469614,74.25384368741065,1029.8199713261738,Urban - Mainstream,Below average commercial/industry/transport/domestic. High density.,Suffolk County Council,County
SOM,507.14928183185293,155.63949919124155,564.5528488783826,57.38386303967651,794.6179669440867,Urban - Mainstream,Below average commercial/industry/transport/domestic. High density.,Somerset County Council,County
SRY,213.49463164840714,359.8803369771488,1035.6180181076952,119.58960021413498,1029.7963837209459,Urban - Mainstream,Below average commercial/industry/transport/domestic. High density.,Surrey County Council,County
STS,509.22025707633236,235.35256044372815,998.4697466516321,97.46594176682028,1105.6735795630514,Urban - Mainstream,Below average commercial/industry/transport/domestic. High density.,Staffordshire County Council,County
TVCA,813.0396848293831,348.76821562796385,950.1686253315046,158.52015203457884,1114.8618021497787,Rural - Mainstream,Above average industry/transport/domestic. Low density.,Tees Valley Combined Authority,Combined authority
WAR,806.4238443317038,512.1530333017076,1758.2902520434943,150.65585490938992,1921.8246798505472,High Domestic Counties,Very above average domestic and transport in county councils.,Warwickshire County Council,County
WOR,445.3257263390067,269.9131659899796,942.658359472732,78.94644482657763,1019.70096625458,Rural - Mainstream,Above average industry/transport/domestic. Low density.,Worcestershire County Council,County
WSX,507.17816732957465,337.48406783549547,1153.938727449828,110.90694574170479,1325.448278289591,Urban - Mainstream,Below average commercial/industry/transport/domestic. High density.,West Sussex County Council,County
WYCA,1733.8735648505472,944.2351495216087,3343.465362249888,453.60428024815303,2817.4005031792726,Urban - Mainstream,Below average commercial/industry/transport/domestic. High density.,West Yorkshire Combined Authority,Combined authority
